mysql -uroot -p

## 整数：不带小数

![show_engines.png](G:\data\LNMRP\$Image\MySQL\int.png)

int，无符号已经有42亿了。

```sql
CREATE TABLE `integer` (
  `tinyint_a` tinyint unsigned NOT NULL COMMENT '无符号tinyint显示长度为10',
  `tinyint_b` tinyint NOT NULL COMMENT '有符号tinyint',
  `tinyint_c` tinyint(3) unsigned zerofill NOT NULL COMMENT '无符号tinyint，显示长度3',
  `tinyint_d` tinyint(8) unsigned zerofill NOT NULL COMMENT '无符号tinyint，显示长度3'
) ENGINE=InnoDB DEFAULT CHARSET=utf8mb4 COLLATE=utf8mb4_unicode_ci COMMENT='整数';
```



## 实数，也叫浮点数：带小数

![show_engines.png](G:\data\LNMRP\$Image\MySQL\float.png)

decimal(M,D)

float(M,D)

double(M,D)

M位数字（整数位+小数位）

D位数字（小数点后面）

float(7,4) 999.9999

```sql
CREATE TABLE `float`  (
  `float` float(5,2) DEFAULT NULL,
  `double` double(5,2) DEFAULT NULL,
  `decimal` decimal(5,2) DEFAULT NULL
) ENGINE = InnoDB CHARACTER SET = utf8mb4 COLLATE = utf8mb4_unicode_ci COMMENT = '浮点数' ROW_FORMAT = Dynamic;

INSERT INTO `float` (`float`, `double`, `decimal`) VALUES (1.23, 1.23, 1.23);
INSERT INTO `float` (`float`, `double`, `decimal`) VALUES (1.234, 1.234, 1.234);
INSERT INTO `float` (`float`, `double`, `decimal`) VALUES (1.2345, 1.2345, 1.2345);

mysql> select * from `float`;
+-------+--------+---------+
| float | double | decimal |
+-------+--------+---------+
|  1.23 |   1.23 |    1.23 |
|  1.23 |   1.23 |    1.23 |
|  1.23 |   1.23 |    1.23 |
+-------+--------+---------+
3 rows in set (0.00 sec)
```

都被截取掉了，小数位只有两位。



开发中尽量使用`decimal`，以防精度丢失。



## 时间日期

![show_engines.png](G:\data\LNMRP\$Image\MySQL\date.png)

```sql
mysql> select * from `date`;
+------------+----------+---------------------+
| d          | t        | dt                  |
+------------+----------+---------------------+
| 2023-01-05 | 11:08:42 | 2023-01-05 11:08:42 |
+------------+----------+---------------------+
1 row in set (0.00 sec)
```



## 字符串

char 和 varchar

```sql
CREATE TABLE `string` (
    `c` char(4) DEFAULT NULL,
    `vc` varchar(4) DEFAULT NULL
) ENGINE=InnoDB DEFAULT CHARSET=utf8mb4 COLLATE = utf8mb4_unicode_ci;
INSERT INTO `string` (`c`, `vc`) VALUES ('ab  ', 'ab  ');

mysql> SELECT length(c), length(vc) FROM `string`;
+-----------+------------+
| length(c) | length(vc) |
+-----------+------------+
|         2 |          4 |
+-----------+------------+
1 row in set (0.00 sec)

mysql> SELECT CONCAT(c, '+'), CONCAT(vc, '+') FROM `string`;
+----------------+-----------------+
| CONCAT(c, '+') | CONCAT(vc, '+') |
+----------------+-----------------+
| ab+            | ab  +           |
+----------------+-----------------+
1 row in set (0.00 sec)
```

